,Diario,Palabra,Titular,Pos,Neg,Neu,Porcentaje
3,El Mundo,18,162,0.08610886078181297,0.5525871258628566,0.3613040167062233,11.11111111111111
2,El Español,19,184,0.05670935488571716,0.6410660222223352,0.30222462131211575,10.326086956521738
5,La Razón,19,189,0.08112398838863348,0.5354155697884462,0.3834604409661282,10.052910052910052
0,ABC,20,210,0.05929614367861566,0.495711410954772,0.4449924457762834,9.523809523809524
6,eldiario.es,9,114,0.030833114523710174,0.6947900398650713,0.2743768505833782,7.894736842105263
1,El Confidencial,6,82,0.0569396592895273,0.5444468796116914,0.39861346299691897,7.317073170731707
4,El País,13,261,0.08278651418738867,0.46704122880509413,0.4501722556952801,4.980842911877394
