,Diario,Palabra,Titular,Pos,Neg,Neu,Porcentaje
3,El Mundo,18,168,0.08418482248297161,0.5570267869611382,0.3587883932244343,10.714285714285714
5,La Razón,20,199,0.07867778526693957,0.5485648509891863,0.37275736161329825,10.050251256281408
2,El Español,19,192,0.05634124613607128,0.6349099233484594,0.3087488294101301,9.895833333333332
0,ABC,20,220,0.057552608073985365,0.499826617077501,0.44262077603806654,9.090909090909092
1,El Confidencial,8,88,0.05405793537846129,0.5513891865795647,0.39455288280309603,9.090909090909092
6,eldiario.es,9,121,0.030970428030252864,0.6921988544631595,0.27683072183896934,7.43801652892562
4,El País,15,271,0.08141275012403437,0.4685577094465549,0.4500295388721947,5.535055350553505
