,Diario,Palabra,Titular,Pos,Neg,Neu,Porcentaje
2,El Español,21,167,0.05577571499077771,0.6420198921950724,0.30220439032132845,12.574850299401197
3,El Mundo,18,150,0.08746581471447522,0.550022207844692,0.3625119822425768,12.0
6,eldiario.es,11,106,0.020548576793308296,0.7162767595277643,0.2631746690131654,10.377358490566039
0,ABC,19,190,0.06353833422518188,0.4856660775056011,0.4507955891055692,10.0
5,La Razón,17,175,0.0790926875885842,0.5443438826022403,0.37656342964353307,9.714285714285714
1,El Confidencial,6,73,0.0622135093914064,0.5419687877268824,0.39581770271266975,8.21917808219178
4,El País,13,241,0.0836485627627085,0.4699503273676107,0.4464011091499346,5.394190871369295
