,Diario,Palabra,Titular,Pos,Neg,Neu,Porcentaje
3,El Mundo,18,157,0.08483929027859596,0.5558543052438314,0.35930640779281403,11.464968152866243
2,El Español,19,172,0.054531264074179235,0.6457018407635651,0.2997668925483256,11.046511627906977
0,ABC,19,201,0.061030839042233026,0.49546078714861796,0.4435083746333231,9.45273631840796
5,La Razón,16,178,0.08002172059083902,0.5413181443719632,0.37866013486911493,8.98876404494382
6,eldiario.es,9,107,0.02037591731206242,0.7187707722187042,0.26085331543810036,8.411214953271028
1,El Confidencial,6,79,0.058703732227352486,0.5338454908821024,0.4074507794944169,7.59493670886076
4,El País,12,246,0.08496553203795196,0.46995006769335246,0.44508439948691464,4.878048780487805
